-- Auto-generated by scripts/repair_import_phase3.py
-- Idempotent: uses ON CONFLICT DO NOTHING.

begin;

-- ===== rpr_equipment =====
insert into rpr_equipment (stock_id, category, name, quantity_in, quantity_on_hand, image_url) values ('T2508030001', 'Toilet', 'ชุดสายชำระ(สแตนเลส)', 3.0, 3.0, 'อุปกรณ์_Images/T2508030001.Image.115626.jpg') on conflict (stock_id) do nothing;
insert into rpr_equipment (stock_id, category, name, quantity_in, quantity_on_hand, image_url) values ('T2508030002', 'Toilet', 'สายน้ำดี', 0.0, 5.0, 'อุปกรณ์_Images/T2508030002.Image.115754.jpg') on conflict (stock_id) do nothing;
insert into rpr_equipment (stock_id, category, name, quantity_in, quantity_on_hand, image_url) values ('T2508030003', 'Toilet', 'แกนจ่ายน้ำชักโครก', 4.0, 5.0, 'อุปกรณ์_Images/T2508030003.Image.115830.jpg') on conflict (stock_id) do nothing;
insert into rpr_equipment (stock_id, category, name, quantity_in, quantity_on_hand, image_url) values ('L2508030004', 'Lighting', 'หลอดไฟยาว สีขาว (600mm 6500K 20W)', 0.0, 6.0, 'อุปกรณ์_Images/L2508030004.Image.115918.jpg') on conflict (stock_id) do nothing;
insert into rpr_equipment (stock_id, category, name, quantity_in, quantity_on_hand, image_url) values ('L2508030005', 'Lighting', 'หลอดไฟยาว สีขาว (1200mm 6500K 20W)', 6.0, 7.0, 'อุปกรณ์_Images/L2508030005.Image.120033.jpg') on conflict (stock_id) do nothing;
insert into rpr_equipment (stock_id, category, name, quantity_in, quantity_on_hand, image_url) values ('L2508030006', 'Lighting', 'Philips Essential LED MR16 5W 12V Daylight (หลอดไฟขั้วเสียบสีขาว)', 0.0, 0.0, 'อุปกรณ์_Images/L2508030006.Image.120132.jpg') on conflict (stock_id) do nothing;
insert into rpr_equipment (stock_id, category, name, quantity_in, quantity_on_hand, image_url) values ('L2508030007', 'Lighting', 'Philips Essential LED MR16 5W 12V Daylight (หลอดไฟขั้วเสียบสีส้ม)', 0.0, 32.0, 'อุปกรณ์_Images/L2508030007.Image.120212.jpg') on conflict (stock_id) do nothing;
insert into rpr_equipment (stock_id, category, name, quantity_in, quantity_on_hand, image_url) values ('L2508030008', 'Lighting', 'หลอดไฟกลม LED Bulb 9W 6500k Daylight (สีขาว)', 8.0, 8.0, 'อุปกรณ์_Images/L2508030008.Image.120251.jpg') on conflict (stock_id) do nothing;
insert into rpr_equipment (stock_id, category, name, quantity_in, quantity_on_hand, image_url) values ('L2508030009', 'Lighting', 'หลอดไฟกลม LED Bulb 9W 6500k Warm White (สีเหลือง)', 0.0, 7.0, 'อุปกรณ์_Images/L2508030009.Image.120327.jpg') on conflict (stock_id) do nothing;
insert into rpr_equipment (stock_id, category, name, quantity_in, quantity_on_hand, image_url) values ('L2508030010', 'Lighting', 'สายไฟขนาด 1.5 mm', 0.0, 40.0, 'อุปกรณ์_Images/L2508030010.Image.120415.jpg') on conflict (stock_id) do nothing;
insert into rpr_equipment (stock_id, category, name, quantity_in, quantity_on_hand, image_url) values ('O2508030011', 'Other', 'ปรับทิศทางแอร์', 0.0, 11.0, 'อุปกรณ์_Images/O2508030011.Image.120442.png') on conflict (stock_id) do nothing;
insert into rpr_equipment (stock_id, category, name, quantity_in, quantity_on_hand, image_url) values ('O2508030012', 'Other', 'ล้อเก้าอี้', 0.0, 14.0, 'อุปกรณ์_Images/O2508030012.Image.120507.png') on conflict (stock_id) do nothing;
insert into rpr_equipment (stock_id, category, name, quantity_in, quantity_on_hand, image_url) values ('O2508030013', 'Other', 'ถังดับเพลิง', 0.0, 6.0, 'อุปกรณ์_Images/O2508030013.Image.120533.jpg') on conflict (stock_id) do nothing;
insert into rpr_equipment (stock_id, category, name, quantity_in, quantity_on_hand, image_url) values ('O2508030014', 'Other', 'สายยาง', 0.0, 1.0, 'อุปกรณ์_Images/O2508030014.Image.120557.jpg') on conflict (stock_id) do nothing;
insert into rpr_equipment (stock_id, category, name, quantity_in, quantity_on_hand, image_url) values ('O2508030015', 'Other', 'น้ำกลั่นแบตเตอรี่', 0.0, 2.0, 'อุปกรณ์_Images/O2508030015.Image.120635.jpg') on conflict (stock_id) do nothing;
insert into rpr_equipment (stock_id, category, name, quantity_in, quantity_on_hand, image_url) values ('O2508030016', 'Other', 'น้ำมันหล่อลื่น (WD-40)', 0.0, 2.0, 'อุปกรณ์_Images/O2508030016.Image.120706.jpg') on conflict (stock_id) do nothing;

-- ===== rpr_stock_moves =====
insert into rpr_stock_moves (stock_id, stock_name, movement_type, quantity, performed_by, floor, zone, job_id, performed_at) values ('T2508030001', 'ชุดสายชำระ(สแตนเลส)', 'รับเข้า', 2.0, 'ขิม', null, null, null, '2025-09-17 14:22:52'::timestamptz);
insert into rpr_stock_moves (stock_id, stock_name, movement_type, quantity, performed_by, floor, zone, job_id, performed_at) values ('T2508030002', 'สายน้ำดี', 'เบิก', 2.0, 'ช่างโอม', null, null, null, '2025-09-17 14:28:32'::timestamptz);
insert into rpr_stock_moves (stock_id, stock_name, movement_type, quantity, performed_by, floor, zone, job_id, performed_at) values ('T2508030003', 'แกนจ่ายน้ำชักโครก', 'เบิก', 2.0, 'ช่างโอม', null, null, null, '2025-09-17 14:29:15'::timestamptz);
insert into rpr_stock_moves (stock_id, stock_name, movement_type, quantity, performed_by, floor, zone, job_id, performed_at) values ('L2508030004', 'หลอดไฟยาว สีขาว (600mm 6500K 20W)', 'รับเข้า', 12.0, 'ขิม', null, null, null, '2025-09-17 14:30:44'::timestamptz);
insert into rpr_stock_moves (stock_id, stock_name, movement_type, quantity, performed_by, floor, zone, job_id, performed_at) values ('L2508030005', 'หลอดไฟยาว สีขาว (1200mm 6500K 20W)', 'เบิก', 7.0, 'ช่างโอม', null, null, null, '2025-09-17 14:31:44'::timestamptz);
insert into rpr_stock_moves (stock_id, stock_name, movement_type, quantity, performed_by, floor, zone, job_id, performed_at) values ('L2508030008', 'หลอดไฟกลม LED Bulb 9W 6500k Daylight (สีขาว)', 'เบิก', 3.0, 'ช่างโอม', null, null, null, '2025-09-17 14:33:55'::timestamptz);
insert into rpr_stock_moves (stock_id, stock_name, movement_type, quantity, performed_by, floor, zone, job_id, performed_at) values ('O2508030011', 'ปรับทิศทางแอร์', 'รับเข้า', 2.0, 'ขิม', null, null, null, '2025-09-17 14:34:59'::timestamptz);
insert into rpr_stock_moves (stock_id, stock_name, movement_type, quantity, performed_by, floor, zone, job_id, performed_at) values ('O2508030012', 'ล้อเก้าอี้', 'เบิก', 9.0, 'ช่างโอม', null, null, null, '2025-09-17 14:37:19'::timestamptz);
insert into rpr_stock_moves (stock_id, stock_name, movement_type, quantity, performed_by, floor, zone, job_id, performed_at) values ('T2508030002', 'สายน้ำดี', 'รับเข้า', 5.0, 'ขิม', null, null, null, '2025-09-22 10:19:07'::timestamptz);
insert into rpr_stock_moves (stock_id, stock_name, movement_type, quantity, performed_by, floor, zone, job_id, performed_at) values ('T2508030003', 'แกนจ่ายน้ำชักโครก', 'รับเข้า', 2.0, 'ขิม', null, null, null, '2025-09-22 10:19:40'::timestamptz);
insert into rpr_stock_moves (stock_id, stock_name, movement_type, quantity, performed_by, floor, zone, job_id, performed_at) values ('L2508030005', 'หลอดไฟยาว สีขาว (1200mm 6500K 20W)', 'รับเข้า', 5.0, 'ขิม', null, null, null, '2025-09-22 10:20:02'::timestamptz);
insert into rpr_stock_moves (stock_id, stock_name, movement_type, quantity, performed_by, floor, zone, job_id, performed_at) values ('L2508030008', 'หลอดไฟกลม LED Bulb 9W 6500k Daylight (สีขาว)', 'รับเข้า', 5.0, 'ขิม', null, null, null, '2025-09-22 10:20:32'::timestamptz);
insert into rpr_stock_moves (stock_id, stock_name, movement_type, quantity, performed_by, floor, zone, job_id, performed_at) values ('O2508030012', 'ล้อเก้าอี้', 'รับเข้า', 10.0, 'ขิม', null, null, null, '2025-09-22 10:20:48'::timestamptz);
insert into rpr_stock_moves (stock_id, stock_name, movement_type, quantity, performed_by, floor, zone, job_id, performed_at) values ('L2508030005', 'หลอดไฟยาว สีขาว (1200mm 6500K 20W)', 'เบิก', 2.0, 'ช่างโอม', 'ชั้น7', 'A', 'JOB-2025-044', '2025-09-22 13:45:06'::timestamptz);
insert into rpr_stock_moves (stock_id, stock_name, movement_type, quantity, performed_by, floor, zone, job_id, performed_at) values ('O2508030012', 'ล้อเก้าอี้', 'เบิก', 2.0, 'ช่างโอม', 'ชั้น7', 'A', 'JOB-2025-043', '2025-09-22 14:08:19'::timestamptz);
insert into rpr_stock_moves (stock_id, stock_name, movement_type, quantity, performed_by, floor, zone, job_id, performed_at) values ('O2508030012', 'ล้อเก้าอี้', 'เบิก', 4.0, 'ช่างโอม', 'ชั้น3', 'B', 'JOB-2025-045', '2025-09-22 17:04:35'::timestamptz);
insert into rpr_stock_moves (stock_id, stock_name, movement_type, quantity, performed_by, floor, zone, job_id, performed_at) values ('L2508030005', 'หลอดไฟยาว สีขาว (1200mm 6500K 20W)', 'เบิก', 1.0, 'ช่างโอม', 'ชั้น4', 'B', 'JOB-2025-047', '2025-09-25 14:08:52'::timestamptz);
insert into rpr_stock_moves (stock_id, stock_name, movement_type, quantity, performed_by, floor, zone, job_id, performed_at) values ('L2508030008', 'หลอดไฟกลม LED Bulb 9W 6500k Daylight (สีขาว)', 'เบิก', 3.0, 'ช่างโอม', 'ชั้น1', 'ลานจอดรถ โซน A', 'JOB-2025-049', '2025-09-26 17:46:49'::timestamptz);
insert into rpr_stock_moves (stock_id, stock_name, movement_type, quantity, performed_by, floor, zone, job_id, performed_at) values ('O2508030012', 'ล้อเก้าอี้', 'เบิก', 2.0, 'ช่างโอม', 'ชั้น4', 'A', 'JOB-2025-050', '2025-10-01 14:16:15'::timestamptz);
insert into rpr_stock_moves (stock_id, stock_name, movement_type, quantity, performed_by, floor, zone, job_id, performed_at) values ('T2508030001', 'ชุดสายชำระ(สแตนเลส)', 'เบิก', 1.0, 'ช่างโอม', 'ชั้น6', 'A', 'JOB-2025-055', '2025-10-01 16:22:10'::timestamptz);
insert into rpr_stock_moves (stock_id, stock_name, movement_type, quantity, performed_by, floor, zone, job_id, performed_at) values ('L2508030005', 'หลอดไฟยาว สีขาว (1200mm 6500K 20W)', 'เบิก', 2.0, 'ช่างโอม', 'ชั้น4', 'B', 'JOB-2025-058', '2025-10-06 08:39:06'::timestamptz);
insert into rpr_stock_moves (stock_id, stock_name, movement_type, quantity, performed_by, floor, zone, job_id, performed_at) values ('O2508030012', 'ล้อเก้าอี้', 'เบิก', 2.0, 'ช่างโอม', 'ชั้น4', 'A', 'JOB-2025-066', '2025-10-08 18:01:55'::timestamptz);
insert into rpr_stock_moves (stock_id, stock_name, movement_type, quantity, performed_by, floor, zone, job_id, performed_at) values ('L2508030008', 'หลอดไฟกลม LED Bulb 9W 6500k Daylight (สีขาว)', 'เบิก', 1.0, 'ช่างโอม', 'ชั้น4', 'B', 'JOB-2025-069', '2025-10-09 16:10:27'::timestamptz);
insert into rpr_stock_moves (stock_id, stock_name, movement_type, quantity, performed_by, floor, zone, job_id, performed_at) values ('L2508030005', 'หลอดไฟยาว สีขาว (1200mm 6500K 20W)', 'รับเข้า', 10.0, 'ขิม', null, null, null, '2025-10-14 10:27:18'::timestamptz);
insert into rpr_stock_moves (stock_id, stock_name, movement_type, quantity, performed_by, floor, zone, job_id, performed_at) values ('O2508030012', 'ล้อเก้าอี้', 'รับเข้า', 10.0, 'ขิม', null, null, null, '2025-10-16 08:34:12'::timestamptz);
insert into rpr_stock_moves (stock_id, stock_name, movement_type, quantity, performed_by, floor, zone, job_id, performed_at) values ('T2508030001', 'ชุดสายชำระ(สแตนเลส)', 'เบิก', 1.0, 'ช่างโอม', 'ชั้น4', 'ห้องน้ำหญิงB', 'JOB-2025-074', '2025-10-16 14:04:42'::timestamptz);
insert into rpr_stock_moves (stock_id, stock_name, movement_type, quantity, performed_by, floor, zone, job_id, performed_at) values ('T2508030001', 'ชุดสายชำระ(สแตนเลส)', 'เบิก', 1.0, 'ชางโอม', 'ชั้น6', 'ห้องน้ำชายA', 'JOB-2025-076', '2025-10-18 16:46:12'::timestamptz);
insert into rpr_stock_moves (stock_id, stock_name, movement_type, quantity, performed_by, floor, zone, job_id, performed_at) values ('L2508030008', 'หลอดไฟกลม LED Bulb 9W 6500k Daylight (สีขาว)', 'เบิก', 3.0, 'ช่างโอม', 'ชั้น1', 'ลานจอดรถ โซน A', 'JOB-2025-087', '2025-10-29 23:26:51'::timestamptz);
insert into rpr_stock_moves (stock_id, stock_name, movement_type, quantity, performed_by, floor, zone, job_id, performed_at) values ('L2508030005', 'หลอดไฟยาว สีขาว (1200mm 6500K 20W)', 'เบิก', 9.0, 'ช่างโอม', 'ชั้น4', 'B', 'JOB-2025-091', '2025-11-04 16:30:21'::timestamptz);
insert into rpr_stock_moves (stock_id, stock_name, movement_type, quantity, performed_by, floor, zone, job_id, performed_at) values ('L2508030005', 'หลอดไฟยาว สีขาว (1200mm 6500K 20W)', 'เบิก', 1.0, 'ช่างโอม', 'ชั้น4', 'B', 'JOB-2025-094', '2025-11-05 08:45:08'::timestamptz);
insert into rpr_stock_moves (stock_id, stock_name, movement_type, quantity, performed_by, floor, zone, job_id, performed_at) values ('L2508030005', 'หลอดไฟยาว สีขาว (1200mm 6500K 20W)', 'รับเข้า', 5.0, 'ขิม', null, null, null, '2025-11-14 09:40:43'::timestamptz);
insert into rpr_stock_moves (stock_id, stock_name, movement_type, quantity, performed_by, floor, zone, job_id, performed_at) values ('L2508030008', 'หลอดไฟกลม LED Bulb 9W 6500k Daylight (สีขาว)', 'รับเข้า', 7.0, 'ขิม', null, null, null, '2025-11-14 09:41:04'::timestamptz);
insert into rpr_stock_moves (stock_id, stock_name, movement_type, quantity, performed_by, floor, zone, job_id, performed_at) values ('O2508030012', 'ล้อเก้าอี้', 'เบิก', 1.0, 'ช่างโอม', 'ชั้น5', 'A', 'JOB-2025-098', '2025-11-18 08:50:45'::timestamptz);
insert into rpr_stock_moves (stock_id, stock_name, movement_type, quantity, performed_by, floor, zone, job_id, performed_at) values ('L2508030008', 'หลอดไฟกลม LED Bulb 9W 6500k Daylight (สีขาว)', 'เบิก', 1.0, 'ช่างโอม', 'ชั้น6', 'ห้องน้ำชายA', 'JOB-2025-099', '2025-11-18 08:53:47'::timestamptz);
insert into rpr_stock_moves (stock_id, stock_name, movement_type, quantity, performed_by, floor, zone, job_id, performed_at) values ('T2508030003', 'แกนจ่ายน้ำชักโครก', 'เบิก', 1.0, 'ช่างโอม', 'ชั้น5', 'ห้องน้ำหญิงA', 'JOB-2025-109', '2025-11-18 09:24:24'::timestamptz);
insert into rpr_stock_moves (stock_id, stock_name, movement_type, quantity, performed_by, floor, zone, job_id, performed_at) values ('L2508030008', 'หลอดไฟกลม LED Bulb 9W 6500k Daylight (สีขาว)', 'เบิก', 1.0, 'ช่างโอม', 'ชั้น4', 'ห้องน้ำหญิงB', 'JOB-2025-117', '2025-11-18 09:48:36'::timestamptz);
insert into rpr_stock_moves (stock_id, stock_name, movement_type, quantity, performed_by, floor, zone, job_id, performed_at) values ('L2508030006', 'Philips Essential LED MR16 5W 12V Daylight (หลอดไฟขั้วเสียบสีขาว)', 'รับเข้า', 15.0, 'ขิม', null, null, null, '2025-11-18 10:05:07'::timestamptz);
insert into rpr_stock_moves (stock_id, stock_name, movement_type, quantity, performed_by, floor, zone, job_id, performed_at) values ('T2508030001', 'ชุดสายชำระ(สแตนเลส)', 'รับเข้า', 24.0, 'ขิม', null, null, null, '2025-11-20 09:02:52'::timestamptz);
insert into rpr_stock_moves (stock_id, stock_name, movement_type, quantity, performed_by, floor, zone, job_id, performed_at) values ('T2508030001', 'ชุดสายชำระ(สแตนเลส)', 'เบิก', 1.0, 'ช่างโอม', 'ชั้น1', 'A', 'JOB-2025-102', '2025-11-20 09:08:04'::timestamptz);
insert into rpr_stock_moves (stock_id, stock_name, movement_type, quantity, performed_by, floor, zone, job_id, performed_at) values ('L2508030006', 'Philips Essential LED MR16 5W 12V Daylight (หลอดไฟขั้วเสียบสีขาว)', 'เบิก', 5.0, 'ช่างโอม', 'ชั้น5', 'A', 'JOB-2025-144', '2025-12-09 16:59:21'::timestamptz);
insert into rpr_stock_moves (stock_id, stock_name, movement_type, quantity, performed_by, floor, zone, job_id, performed_at) values ('L2508030005', 'หลอดไฟยาว สีขาว (1200mm 6500K 20W)', 'เบิก', 1.0, 'ช่างโอม', 'ชั้น4', 'B', 'JOB-2025-151', '2025-12-09 17:02:29'::timestamptz);
insert into rpr_stock_moves (stock_id, stock_name, movement_type, quantity, performed_by, floor, zone, job_id, performed_at) values ('O2508030012', 'ล้อเก้าอี้', 'เบิก', 7.0, 'ช่างโอม', 'ชั้น4', 'B', 'JOB-2025-152', '2025-12-09 17:06:14'::timestamptz);
insert into rpr_stock_moves (stock_id, stock_name, movement_type, quantity, performed_by, floor, zone, job_id, performed_at) values ('T2508030001', 'ชุดสายชำระ(สแตนเลส)', 'เบิก', 1.0, 'ช่างโอม', 'ชั้น5', 'ห้องน้ำหญิงA', 'JOB-2025-156', '2025-12-09 17:44:44'::timestamptz);
insert into rpr_stock_moves (stock_id, stock_name, movement_type, quantity, performed_by, floor, zone, job_id, performed_at) values ('L2508030006', 'Philips Essential LED MR16 5W 12V Daylight (หลอดไฟขั้วเสียบสีขาว)', 'เบิก', 1.0, 'ช่างโอม', 'ชั้น5', 'A', 'JOB-2025-158', '2025-12-09 17:52:41'::timestamptz);
insert into rpr_stock_moves (stock_id, stock_name, movement_type, quantity, performed_by, floor, zone, job_id, performed_at) values ('L2508030008', 'หลอดไฟกลม LED Bulb 9W 6500k Daylight (สีขาว)', 'รับเข้า', 5.0, 'ขิม', null, null, null, '2025-12-25 16:17:35'::timestamptz);
insert into rpr_stock_moves (stock_id, stock_name, movement_type, quantity, performed_by, floor, zone, job_id, performed_at) values ('L2508030005', 'หลอดไฟยาว สีขาว (1200mm 6500K 20W)', 'รับเข้า', 5.0, 'ขิม', null, null, null, '2025-12-25 16:42:19'::timestamptz);
insert into rpr_stock_moves (stock_id, stock_name, movement_type, quantity, performed_by, floor, zone, job_id, performed_at) values ('L2508030006', 'Philips Essential LED MR16 5W 12V Daylight (หลอดไฟขั้วเสียบสีขาว)', 'เบิก', 2.0, 'ช่างโอม', 'ชั้น5', 'A', 'JOB-2025-164', '2025-12-26 13:57:02'::timestamptz);
insert into rpr_stock_moves (stock_id, stock_name, movement_type, quantity, performed_by, floor, zone, job_id, performed_at) values ('T2508030001', 'ชุดสายชำระ(สแตนเลส)', 'เบิก', 2.0, 'ช่างโอม', 'ชั้น6', 'ห้องน้ำชายB', 'JOB-2025-165', '2025-12-26 14:00:08'::timestamptz);
insert into rpr_stock_moves (stock_id, stock_name, movement_type, quantity, performed_by, floor, zone, job_id, performed_at) values ('T2508030001', 'ชุดสายชำระ(สแตนเลส)', 'เบิก', 1.0, 'ช่างโอม', 'ชั้น5', 'ห้องน้ำชายB', 'JOB-2025-168', '2025-12-26 14:16:56'::timestamptz);
insert into rpr_stock_moves (stock_id, stock_name, movement_type, quantity, performed_by, floor, zone, job_id, performed_at) values ('L2508030005', 'หลอดไฟยาว สีขาว (1200mm 6500K 20W)', 'เบิก', 1.0, 'ช่างโอม', 'ชั้น4', 'B', 'JOB-2025-170', '2025-12-26 15:07:25'::timestamptz);
insert into rpr_stock_moves (stock_id, stock_name, movement_type, quantity, performed_by, floor, zone, job_id, performed_at) values ('T2508030001', 'ชุดสายชำระ(สแตนเลส)', 'เบิก', 3.0, 'ช่างโอม', 'ชั้น3', 'ห้องน้ำหญิงA', 'JOB-2026-002', '2026-01-09 14:50:15'::timestamptz);
insert into rpr_stock_moves (stock_id, stock_name, movement_type, quantity, performed_by, floor, zone, job_id, performed_at) values ('T2508030001', 'ชุดสายชำระ(สแตนเลส)', 'เบิก', 2.0, 'ช่างโอม', 'ชั้น3', 'ห้องน้ำชายA', 'JOB-2026-003', '2026-01-09 14:52:04'::timestamptz);
insert into rpr_stock_moves (stock_id, stock_name, movement_type, quantity, performed_by, floor, zone, job_id, performed_at) values ('L2508030008', 'หลอดไฟกลม LED Bulb 9W 6500k Daylight (สีขาว)', 'เบิก', 2.0, 'ช่างโอม', 'ชั้น3', 'ห้องน้ำชายA', 'JOB-2026-004', '2026-01-09 14:53:57'::timestamptz);
insert into rpr_stock_moves (stock_id, stock_name, movement_type, quantity, performed_by, floor, zone, job_id, performed_at) values ('L2508030008', 'หลอดไฟกลม LED Bulb 9W 6500k Daylight (สีขาว)', 'เบิก', 3.0, 'ช่างโอม', 'ชั้น3', 'ห้องน้ำหญิงB', 'JOB-2026-005', '2026-01-09 14:58:19'::timestamptz);
insert into rpr_stock_moves (stock_id, stock_name, movement_type, quantity, performed_by, floor, zone, job_id, performed_at) values ('T2508030001', 'ชุดสายชำระ(สแตนเลส)', 'เบิก', 2.0, 'ช่างโอม', 'ชั้น3', 'ห้องน้ำหญิงB', 'JOB-2026-006', '2026-01-14 10:16:24'::timestamptz);
insert into rpr_stock_moves (stock_id, stock_name, movement_type, quantity, performed_by, floor, zone, job_id, performed_at) values ('T2508030001', 'ชุดสายชำระ(สแตนเลส)', 'เบิก', 3.0, 'ช่างโอม', 'ชั้น3', 'ห้องน้ำชายB', 'JOB-2026-007', '2026-01-14 10:19:00'::timestamptz);
insert into rpr_stock_moves (stock_id, stock_name, movement_type, quantity, performed_by, floor, zone, job_id, performed_at) values ('O2508030011', 'ปรับทิศทางแอร์', 'คืน', 17.0, 'ขิม', '4', 'B', null, '2026-01-14 10:44:03'::timestamptz);
insert into rpr_stock_moves (stock_id, stock_name, movement_type, quantity, performed_by, floor, zone, job_id, performed_at) values ('T2508030003', 'แกนจ่ายน้ำชักโครก', 'เบิก', 2.0, 'ช่างโอม', 'ชั้น5', 'ห้องน้ำชายA', 'JOB-2026-009', '2026-01-14 10:53:30'::timestamptz);
insert into rpr_stock_moves (stock_id, stock_name, movement_type, quantity, performed_by, floor, zone, job_id, performed_at) values ('T2508030002', 'สายน้ำดี', 'เบิก', 3.0, 'ช่างโอม', 'ชั้น3', 'ห้องน้ำหญิงA', 'JOB-2026-014', '2026-01-14 11:17:27'::timestamptz);
insert into rpr_stock_moves (stock_id, stock_name, movement_type, quantity, performed_by, floor, zone, job_id, performed_at) values ('T2508030001', 'ชุดสายชำระ(สแตนเลส)', 'เบิก', 1.0, 'ช่างโอม', 'ชั้น3', 'ห้องน้ำหญิงA', 'JOB-2026-015', '2026-01-14 11:21:10'::timestamptz);
insert into rpr_stock_moves (stock_id, stock_name, movement_type, quantity, performed_by, floor, zone, job_id, performed_at) values ('L2508030004', 'หลอดไฟยาว สีขาว (600mm 6500K 20W)', 'รับเข้า', 5.0, 'ขิม', '1', 'A', null, '2026-01-14 11:44:45'::timestamptz);
insert into rpr_stock_moves (stock_id, stock_name, movement_type, quantity, performed_by, floor, zone, job_id, performed_at) values ('L2508030006', 'Philips Essential LED MR16 5W 12V Daylight (หลอดไฟขั้วเสียบสีขาว)', 'เบิก', 2.0, 'ช่างโอม', 'ชั้น5', 'A', 'JOB-2026-017', '2026-01-14 11:52:08'::timestamptz);
insert into rpr_stock_moves (stock_id, stock_name, movement_type, quantity, performed_by, floor, zone, job_id, performed_at) values ('O2508030011', 'ปรับทิศทางแอร์', 'คืน', 1.0, 'ขิม', '5', 'A', null, '2026-01-14 11:58:57'::timestamptz);
insert into rpr_stock_moves (stock_id, stock_name, movement_type, quantity, performed_by, floor, zone, job_id, performed_at) values ('T2508030002', 'สายน้ำดี', 'เบิก', 1.0, 'ช่างโอม', 'ชั้น6', 'ห้องน้ำชายA', 'JOB-2026-027', '2026-01-21 17:40:58'::timestamptz);
insert into rpr_stock_moves (stock_id, stock_name, movement_type, quantity, performed_by, floor, zone, job_id, performed_at) values ('T2508030003', 'แกนจ่ายน้ำชักโครก', 'เบิก', 1.0, 'ช่างโอม', 'ชั้น6', 'ห้องน้ำชายA', 'JOB-2026-027', '2026-01-21 17:41:13'::timestamptz);
insert into rpr_stock_moves (stock_id, stock_name, movement_type, quantity, performed_by, floor, zone, job_id, performed_at) values ('L2508030008', 'หลอดไฟกลม LED Bulb 9W 6500k Daylight (สีขาว)', 'เบิก', 1.0, 'ช่างโอม', 'ชั้น3', 'ห้องน้ำหญิงA', 'JOB-2026-029', '2026-01-21 17:50:39'::timestamptz);
insert into rpr_stock_moves (stock_id, stock_name, movement_type, quantity, performed_by, floor, zone, job_id, performed_at) values ('T2508030001', 'ชุดสายชำระ(สแตนเลส)', 'เบิก', 1.0, 'ช่างโอม', 'ชั้น4', 'ห้องน้ำหญิงA', 'JOB-2026-040', '2026-01-30 08:57:29'::timestamptz);
insert into rpr_stock_moves (stock_id, stock_name, movement_type, quantity, performed_by, floor, zone, job_id, performed_at) values ('T2508030003', 'แกนจ่ายน้ำชักโครก', 'เบิก', 1.0, 'ช่างโอม', 'ชั้น1', 'ห้องน้ำชายA', 'JOB-2026-045', '2026-02-05 13:19:09'::timestamptz);
insert into rpr_stock_moves (stock_id, stock_name, movement_type, quantity, performed_by, floor, zone, job_id, performed_at) values ('T2508030002', 'สายน้ำดี', 'เบิก', 1.0, 'ช่างโอม', 'ชั้น6', 'ห้องน้ำหญิงB', 'JOB-2026-070', '2026-02-24 15:47:20'::timestamptz);
insert into rpr_stock_moves (stock_id, stock_name, movement_type, quantity, performed_by, floor, zone, job_id, performed_at) values ('T2508030001', 'ชุดสายชำระ(สแตนเลส)', 'เบิก', 1.0, 'ช่างโอม', 'ชั้น5', 'ห้องน้ำหญิงA', 'JOB-2026-079', '2026-02-24 16:26:26'::timestamptz);
insert into rpr_stock_moves (stock_id, stock_name, movement_type, quantity, performed_by, floor, zone, job_id, performed_at) values ('L2508030008', 'หลอดไฟกลม LED Bulb 9W 6500k Daylight (สีขาว)', 'รับเข้า', 5.0, 'ขิม', '1', 'A และ B', null, '2026-02-27 10:12:22'::timestamptz);
insert into rpr_stock_moves (stock_id, stock_name, movement_type, quantity, performed_by, floor, zone, job_id, performed_at) values ('T2508030001', 'ชุดสายชำระ(สแตนเลส)', 'เบิก', 1.0, 'ช่างโอม', 'ชั้น3', 'A', 'JOB-2026-082', '2026-02-27 15:28:18'::timestamptz);
insert into rpr_stock_moves (stock_id, stock_name, movement_type, quantity, performed_by, floor, zone, job_id, performed_at) values ('T2508030003', 'แกนจ่ายน้ำชักโครก', 'รับเข้า', 5.0, 'ขิม', '1', 'A', null, '2026-03-20 15:54:45'::timestamptz);
insert into rpr_stock_moves (stock_id, stock_name, movement_type, quantity, performed_by, floor, zone, job_id, performed_at) values ('T2508030003', 'แกนจ่ายน้ำชักโครก', 'เบิก', 1.0, 'ช่างโอม', 'ชั้น1', 'ห้องน้ำหญิงA', 'JOB-2026-119', '2026-03-25 15:45:10'::timestamptz);
insert into rpr_stock_moves (stock_id, stock_name, movement_type, quantity, performed_by, floor, zone, job_id, performed_at) values ('T2508030002', 'สายน้ำดี', 'เบิก', 1.0, 'ช่างโอม', 'ชั้น1', 'ห้องน้ำหญิงA', 'JOB-2026-119', '2026-03-25 15:46:42'::timestamptz);
insert into rpr_stock_moves (stock_id, stock_name, movement_type, quantity, performed_by, floor, zone, job_id, performed_at) values ('T2508030001', 'ชุดสายชำระ(สแตนเลส)', 'เบิก', 1.0, 'ช่างโอม', 'ชั้น3', 'ห้องน้ำหญิงA', 'JOB-2026-122', '2026-03-25 15:57:42'::timestamptz);
insert into rpr_stock_moves (stock_id, stock_name, movement_type, quantity, performed_by, floor, zone, job_id, performed_at) values ('T2508030001', 'ชุดสายชำระ(สแตนเลส)', 'เบิก', 1.0, 'ช่างโอม', 'ชั้น1', 'ห้องน้ำหญิงA', 'JOB-2026-120', '2026-03-25 16:02:12'::timestamptz);
insert into rpr_stock_moves (stock_id, stock_name, movement_type, quantity, performed_by, floor, zone, job_id, performed_at) values ('T2508030002', 'สายน้ำดี', 'เบิก', 1.0, 'ช่างโอม', 'ชั้น1', 'ห้องน้ำหญิงA', 'JOB-2026-123', '2026-03-25 16:08:12'::timestamptz);
insert into rpr_stock_moves (stock_id, stock_name, movement_type, quantity, performed_by, floor, zone, job_id, performed_at) values ('T2508030003', 'แกนจ่ายน้ำชักโครก', 'เบิก', 1.0, 'ช่างโอม', 'ชั้น1', 'ห้องน้ำหญิงA', 'JOB-2026-123', '2026-03-25 16:08:19'::timestamptz);
insert into rpr_stock_moves (stock_id, stock_name, movement_type, quantity, performed_by, floor, zone, job_id, performed_at) values ('T2508030001', 'ชุดสายชำระ(สแตนเลส)', 'เบิก', 1.0, 'ช่างโอม', 'ชั้น3', 'ห้องน้ำชายA', 'JOB-2026-136', '2026-03-30 17:21:15'::timestamptz);
insert into rpr_stock_moves (stock_id, stock_name, movement_type, quantity, performed_by, floor, zone, job_id, performed_at) values ('T2508030001', 'ชุดสายชำระ(สแตนเลส)', 'เบิก', 1.0, 'ช่างโอม', 'ชั้น1', 'ห้องน้ำหญิงA', 'JOB-2026-138', '2026-03-30 17:22:33'::timestamptz);
insert into rpr_stock_moves (stock_id, stock_name, movement_type, quantity, performed_by, floor, zone, job_id, performed_at) values ('T2508030003', 'แกนจ่ายน้ำชักโครก', 'เบิก', 1.0, 'ช่างโอม', 'ชั้น3', 'ห้องน้ำหญิงA', 'JOB-2026-131', '2026-03-30 17:23:55'::timestamptz);
insert into rpr_stock_moves (stock_id, stock_name, movement_type, quantity, performed_by, floor, zone, job_id, performed_at) values ('T2508030002', 'สายน้ำดี', 'เบิก', 1.0, 'ช่างโอม', 'ชั้น3', 'ห้องน้ำหญิงA', 'JOB-2026-131', '2026-03-30 17:24:07'::timestamptz);
insert into rpr_stock_moves (stock_id, stock_name, movement_type, quantity, performed_by, floor, zone, job_id, performed_at) values ('L2508030008', 'หลอดไฟกลม LED Bulb 9W 6500k Daylight (สีขาว)', 'เบิก', 2.0, 'ช่างโอม', 'ชั้น6', 'ห้องน้ำชายB', 'JOB-2026-141', '2026-03-31 17:27:09'::timestamptz);
insert into rpr_stock_moves (stock_id, stock_name, movement_type, quantity, performed_by, floor, zone, job_id, performed_at) values ('T2508030001', 'ชุดสายชำระ(สแตนเลส)', 'เบิก', 1.0, 'ช่างโอม', 'ชั้น6', 'ห้องน้ำชายB', 'JOB-2026-144', '2026-04-01 17:12:22'::timestamptz);
insert into rpr_stock_moves (stock_id, stock_name, movement_type, quantity, performed_by, floor, zone, job_id, performed_at) values ('T2508030002', 'สายน้ำดี', 'รับเข้า', 4.0, 'ขิม Admin HQ', '1', 'ฺB', null, '2026-04-02 09:52:42'::timestamptz);
insert into rpr_stock_moves (stock_id, stock_name, movement_type, quantity, performed_by, floor, zone, job_id, performed_at) values ('T2508030001', 'ชุดสายชำระ(สแตนเลส)', 'รับเข้า', 2.0, 'ขิม Admin HQ', '1', 'B', null, '2026-04-02 09:53:19'::timestamptz);
insert into rpr_stock_moves (stock_id, stock_name, movement_type, quantity, performed_by, floor, zone, job_id, performed_at) values ('L2508030006', 'Philips Essential LED MR16 5W 12V Daylight (หลอดไฟขั้วเสียบสีขาว)', 'เบิก', 1.0, 'ช่างโอม', 'ชั้น5', 'A', 'JOB-2026-145', '2026-04-02 17:03:12'::timestamptz);
insert into rpr_stock_moves (stock_id, stock_name, movement_type, quantity, performed_by, floor, zone, job_id, performed_at) values ('T2508030003', 'แกนจ่ายน้ำชักโครก', 'เบิก', 2.0, 'ช่างโอม', 'ชั้น4', 'ห้องน้ำหญิงA', 'JOB-2026-134', '2026-04-02 17:04:59'::timestamptz);
insert into rpr_stock_moves (stock_id, stock_name, movement_type, quantity, performed_by, floor, zone, job_id, performed_at) values ('T2508030002', 'สายน้ำดี', 'เบิก', 2.0, 'ช่างโอม', 'ชั้น4', 'ห้องน้ำหญิงA', 'JOB-2026-134', '2026-04-02 17:05:15'::timestamptz);
insert into rpr_stock_moves (stock_id, stock_name, movement_type, quantity, performed_by, floor, zone, job_id, performed_at) values ('T2508030001', 'ชุดสายชำระ(สแตนเลส)', 'เบิก', 1.0, 'ช่างโอม', 'ชั้น3', 'ห้องน้ำหญิงA', 'JOB-2026-148', '2026-04-10 17:21:07'::timestamptz);
insert into rpr_stock_moves (stock_id, stock_name, movement_type, quantity, performed_by, floor, zone, job_id, performed_at) values ('L2508030008', 'หลอดไฟกลม LED Bulb 9W 6500k Daylight (สีขาว)', 'เบิก', 2.0, 'ช่างโอม', 'ชั้น1', 'ลานจอดรถ โซน A', 'JOB-2026-150', '2026-04-10 17:23:55'::timestamptz);
insert into rpr_stock_moves (stock_id, stock_name, movement_type, quantity, performed_by, floor, zone, job_id, performed_at) values ('L2508030008', 'หลอดไฟกลม LED Bulb 9W 6500k Daylight (สีขาว)', 'เบิก', 1.0, 'ช่างโอม', 'ชั้น5', 'A', 'JOB-2026-152', '2026-04-10 17:29:16'::timestamptz);
insert into rpr_stock_moves (stock_id, stock_name, movement_type, quantity, performed_by, floor, zone, job_id, performed_at) values ('T2508030002', 'สายน้ำดี', 'เบิก', 1.0, 'ช่างโอม', 'ชั้น4', 'ห้องน้ำชายA', 'JOB-2026-139', '2026-04-17 16:57:31'::timestamptz);
insert into rpr_stock_moves (stock_id, stock_name, movement_type, quantity, performed_by, floor, zone, job_id, performed_at) values ('T2508030003', 'แกนจ่ายน้ำชักโครก', 'รับเข้า', 7.0, 'ขิม Admin HQ', '1', 'ฺB', null, '2026-04-17 16:58:27'::timestamptz);
insert into rpr_stock_moves (stock_id, stock_name, movement_type, quantity, performed_by, floor, zone, job_id, performed_at) values ('T2508030003', 'แกนจ่ายน้ำชักโครก', 'เบิก', 1.0, 'ช่างโอม', 'ชั้น4', 'ห้องน้ำชายA', 'JOB-2026-139', '2026-04-17 16:59:43'::timestamptz);
insert into rpr_stock_moves (stock_id, stock_name, movement_type, quantity, performed_by, floor, zone, job_id, performed_at) values ('T2508030001', 'ชุดสายชำระ(สแตนเลส)', 'เบิก', 1.0, 'ช่างโอม', 'ชั้น5', 'ห้องน้ำชายA', 'JOB-2026-161', '2026-04-21 15:44:46'::timestamptz);
insert into rpr_stock_moves (stock_id, stock_name, movement_type, quantity, performed_by, floor, zone, job_id, performed_at) values ('L2508030008', 'หลอดไฟกลม LED Bulb 9W 6500k Daylight (สีขาว)', 'เบิก', 1.0, 'ช่างโอม', 'ชั้น1', 'ห้องน้ำหญิงA', 'JOB-2026-176', '2026-05-08 17:47:44'::timestamptz);
insert into rpr_stock_moves (stock_id, stock_name, movement_type, quantity, performed_by, floor, zone, job_id, performed_at) values ('L2508030008', 'หลอดไฟกลม LED Bulb 9W 6500k Daylight (สีขาว)', 'เบิก', 1.0, 'ช่างโอม', 'ชั้น1', 'ห้องน้ำชายB', 'JOB-2026-177', '2026-05-08 17:49:44'::timestamptz);
insert into rpr_stock_moves (stock_id, stock_name, movement_type, quantity, performed_by, floor, zone, job_id, performed_at) values ('L2508030006', 'Philips Essential LED MR16 5W 12V Daylight (หลอดไฟขั้วเสียบสีขาว)', 'เบิก', 1.0, 'ช่างโอม', 'ชั้น5', 'A', 'JOB-2026-179', '2026-05-13 17:31:28'::timestamptz);
insert into rpr_stock_moves (stock_id, stock_name, movement_type, quantity, performed_by, floor, zone, job_id, performed_at) values ('T2508030003', 'แกนจ่ายน้ำชักโครก', 'เบิก', 1.0, 'ช่างโอม', 'ชั้น3', 'ห้องน้ำหญิงA', 'JOB-2026-188', '2026-05-15 17:09:45'::timestamptz);
insert into rpr_stock_moves (stock_id, stock_name, movement_type, quantity, performed_by, floor, zone, job_id, performed_at) values ('T2508030001', 'ชุดสายชำระ(สแตนเลส)', 'เบิก', 1.0, 'ช่างโอม', 'ชั้น6', 'ห้องน้ำหญิงA', 'JOB-2026-189', '2026-05-21 16:35:28'::timestamptz);
insert into rpr_stock_moves (stock_id, stock_name, movement_type, quantity, performed_by, floor, zone, job_id, performed_at) values ('T2508030002', 'สายน้ำดี', 'เบิก', 1.0, 'ช่างโอม', 'ชั้น4', 'ห้องน้ำชายA', 'JOB-2026-181', '2026-05-22 11:37:35'::timestamptz);
insert into rpr_stock_moves (stock_id, stock_name, movement_type, quantity, performed_by, floor, zone, job_id, performed_at) values ('L2508030008', 'หลอดไฟกลม LED Bulb 9W 6500k Daylight (สีขาว)', 'เบิก', 2.0, 'ช่างโอม', 'ชั้น6', 'A', 'JOB-2026-191', '2026-05-22 11:45:39'::timestamptz);
insert into rpr_stock_moves (stock_id, stock_name, movement_type, quantity, performed_by, floor, zone, job_id, performed_at) values ('L2508030006', 'Philips Essential LED MR16 5W 12V Daylight (หลอดไฟขั้วเสียบสีขาว)', 'เบิก', 1.0, 'ช่างโอม', '1', 'ฺB', null, '2026-05-22 11:47:29'::timestamptz);
insert into rpr_stock_moves (stock_id, stock_name, movement_type, quantity, performed_by, floor, zone, job_id, performed_at) values ('L2508030007', 'Philips Essential LED MR16 5W 12V Daylight (หลอดไฟขั้วเสียบสีส้ม)', 'รับเข้า', 1.0, 'ช่างโอม', '1', 'B', null, '2026-05-22 11:49:35'::timestamptz);
insert into rpr_stock_moves (stock_id, stock_name, movement_type, quantity, performed_by, floor, zone, job_id, performed_at) values ('T2508030001', 'ชุดสายชำระ(สแตนเลส)', 'เบิก', 1.0, 'ช่างโอม', 'ชั้น5', 'ห้องน้ำชายA', 'JOB-2026-192', '2026-05-22 17:29:49'::timestamptz);

-- ===== rpr_handovers + rpr_handover_items =====
insert into rpr_handovers (doc_no, created_at, delivered_at, recipient_addr, recipient_addr_other, sender, recipient, authorized_person) values ('ก่อนปรับ1', '2025-09-02 17:49:35'::timestamptz, null, 'ICT', null, 'กิ๊ก Admin HQ', 'คุณดาว PCS ( ICT )', null) on conflict (doc_no) do nothing;
insert into rpr_handover_items (doc_no, item, quantity, unit, note) values ('ก่อนปรับ1', 'ชั้นวางรองเท้า สีเขียว', 1.0, null, null);
insert into rpr_handovers (doc_no, created_at, delivered_at, recipient_addr, recipient_addr_other, sender, recipient, authorized_person) values ('ก่อนปรับ2', '2025-09-03 10:32:06'::timestamptz, null, 'ICT', null, 'ขิม HQ', 'ช่างป้อม ICT', 'ขนส่งโรงงาน') on conflict (doc_no) do nothing;
insert into rpr_handover_items (doc_no, item, quantity, unit, note) values ('ก่อนปรับ2', 'นั่งร้าน 2 ชั้น', 1.0, null, 'ส่งให้ช่างที่ ICT ยืม หลังจากใช้งานเสร็จแล้วกรุณาส่งกลับคืนที่ HQ ด้วยค่ะ');
insert into rpr_handovers (doc_no, created_at, delivered_at, recipient_addr, recipient_addr_other, sender, recipient, authorized_person) values ('ก่อนปรับ3', '2025-09-30 17:17:20'::timestamptz, null, 'ICT', null, 'ช่างโอม ( HQ )', 'คุณแดง ( ICT )', 'กิ๊ก ( Admin HQ ) / คนขับรถ HQ') on conflict (doc_no) do nothing;
insert into rpr_handover_items (doc_no, item, quantity, unit, note) values ('ก่อนปรับ3', 'เครื่องฉีดน้ำแรงดัน', 1.0, null, 'ICT ยืมไปใช้งาน เสร็จแล้วจะส่งกลับคืน HQ');
insert into rpr_handovers (doc_no, created_at, delivered_at, recipient_addr, recipient_addr_other, sender, recipient, authorized_person) values ('ก่อนปรับ4', '2025-10-08 08:45:12'::timestamptz, null, 'ICT', null, 'กิ๊ก Admin HQ', 'คุณโจ / คุณหนึ่ง HR  ( ICT )', 'กิ๊ก Admin HQ') on conflict (doc_no) do nothing;
insert into rpr_handover_items (doc_no, item, quantity, unit, note) values ('ก่อนปรับ4', 'เก้าอี้พับสีดำ ( ขาดำ )', 30.0, null, 'ส่งให้ ICT เพื่อใช้สำหรับนั่งกินข้าว');
insert into rpr_handovers (doc_no, created_at, delivered_at, recipient_addr, recipient_addr_other, sender, recipient, authorized_person) values ('ก่อนปรับ5', '2025-10-09 08:45:17'::timestamptz, null, 'ICT', null, 'กิ๊ก HQ', 'คุณโจ / คณหนึ่ง HR ICT', 'กิ๊ก HQ') on conflict (doc_no) do nothing;
insert into rpr_handover_items (doc_no, item, quantity, unit, note) values ('ก่อนปรับ5', 'ชั้นวางของสีขาว', 1.0, null, 'ส่งไป ICT ไว้ชั้น 2 ห้อง showroom');
insert into rpr_handovers (doc_no, created_at, delivered_at, recipient_addr, recipient_addr_other, sender, recipient, authorized_person) values ('ก่อนปรับ6', '2025-10-16 15:46:18'::timestamptz, null, 'Fac', null, 'กิ๊ก จิตรลดา ( HQ )', 'แป้ง FAC', 'กิ๊ก จิตรลดา HQ') on conflict (doc_no) do nothing;
insert into rpr_handover_items (doc_no, item, quantity, unit, note) values ('ก่อนปรับ6', 'น้ำดื่มสกรีน ICT', 50.0, null, 'สำหรับรับแขก');
insert into rpr_handovers (doc_no, created_at, delivered_at, recipient_addr, recipient_addr_other, sender, recipient, authorized_person) values ('ก่อนปรับ7', '2025-10-16 15:54:56'::timestamptz, null, 'ICT', null, 'กิ๊ก จิตรลดา ( HQ )', 'คุณเกด Admin / คุณหนึ่ง HR ( ICT )', 'กิ๊ก จิตรลดา HQ') on conflict (doc_no) do nothing;
insert into rpr_handover_items (doc_no, item, quantity, unit, note) values ('ก่อนปรับ7', 'น้ำดื่มสกรีน ICT', 50.0, null, 'สำหรับรับแขก');
insert into rpr_handovers (doc_no, created_at, delivered_at, recipient_addr, recipient_addr_other, sender, recipient, authorized_person) values ('D00001', '2025-11-14 09:10:59'::timestamptz, null, 'ICT', null, 'กิ๊ก Admin HQ', 'คุณปลั๊ก HR', 'กิ๊ก Admin HQ') on conflict (doc_no) do nothing;
insert into rpr_handover_items (doc_no, item, quantity, unit, note) values ('D00001', 'ขนมปี๊บ', 4.0, 'ปี๊บ', null);
insert into rpr_handovers (doc_no, created_at, delivered_at, recipient_addr, recipient_addr_other, sender, recipient, authorized_person) values ('D00002', '2025-11-27 16:25:34'::timestamptz, null, 'Fac', null, 'ขิม', 'พี่แนน', 'ขิม') on conflict (doc_no) do nothing;
insert into rpr_handover_items (doc_no, item, quantity, unit, note) values ('D00002', '1. ตู้ลิ้นชักสีน้ำตาลอ่อน (ไม่มีขา) จำนวน 2 ตัว / 2. ตู้ลิ้นชักสีน้ำตาลอ่อน (มีขา)  จำนวน 1 ตัว', 3.0, 'ตัว', 'นำไปใช้ที่ Comets FAC');
insert into rpr_handovers (doc_no, created_at, delivered_at, recipient_addr, recipient_addr_other, sender, recipient, authorized_person) values ('D00003', '2025-11-27 16:30:16'::timestamptz, null, 'Fac', null, 'ขิม (Admin HQ)', 'พี่แนน (คลัง FAC)', 'ขิม (Admin HQ)') on conflict (doc_no) do nothing;
insert into rpr_handover_items (doc_no, item, quantity, unit, note) values ('D00003', 'เก้าอี้พับสีดำ (ขาเงิน)', 30.0, 'ตัว', 'นำไปใช้ที่ FAC (จัดส่งวันที่ 21/11/2025)');
insert into rpr_handovers (doc_no, created_at, delivered_at, recipient_addr, recipient_addr_other, sender, recipient, authorized_person) values ('D00004', '2025-12-03 22:42:32'::timestamptz, null, 'Fac', null, 'ขิม (Admin HQ)', 'พี่แนน ( คลัง Fac )', 'ขิม') on conflict (doc_no) do nothing;
insert into rpr_handover_items (doc_no, item, quantity, unit, note) values ('D00004', '1. ตู้ลิ้นชักสีเขียว', 38.0, 'ตู้', 'นำไปใช้ที่ Comets FAC');
insert into rpr_handovers (doc_no, created_at, delivered_at, recipient_addr, recipient_addr_other, sender, recipient, authorized_person) values ('D00005', '2025-12-03 22:44:31'::timestamptz, null, 'Fac', null, 'ขิม (Admin HQ)', 'พี่แนน ( คลัง Fac )', 'ขิม ( ส่งมอบวันที่ 29/11/2025)') on conflict (doc_no) do nothing;
insert into rpr_handover_items (doc_no, item, quantity, unit, note) values ('D00005', 'ตู้เขียว', 8.0, 'ตู้', 'นำไปใช้ที่ Comets FAC');
insert into rpr_handovers (doc_no, created_at, delivered_at, recipient_addr, recipient_addr_other, sender, recipient, authorized_person) values ('D00006', '2025-12-03 22:55:11'::timestamptz, null, 'Fac', null, 'ขิม (Admin HQ)', 'พี่แนน ( คลัง Fac )', 'ขิม (ส่งมอบวันที่ 29/11/2025)') on conflict (doc_no) do nothing;
insert into rpr_handover_items (doc_no, item, quantity, unit, note) values ('D00006', 'พาติชั่น', 4.0, 'พาเลท', 'นำไปใช้ที่ Comets FAC');
insert into rpr_handovers (doc_no, created_at, delivered_at, recipient_addr, recipient_addr_other, sender, recipient, authorized_person) values ('D00007', '2025-12-03 22:56:43'::timestamptz, null, 'Fac', null, 'ขิม (Admin HQ)', 'พี่แนน ( คลัง Fac )', 'ขิม (ส่งมอบวันที่ 02/12/2025)') on conflict (doc_no) do nothing;
insert into rpr_handover_items (doc_no, item, quantity, unit, note) values ('D00007', 'พาติชั่น', 2.0, 'พาเลท', 'นำไปใช้ที่ Comets FAC');
insert into rpr_handovers (doc_no, created_at, delivered_at, recipient_addr, recipient_addr_other, sender, recipient, authorized_person) values ('D00008', '2025-12-03 22:58:25'::timestamptz, null, 'Fac', null, 'ขิม (Admin HQ)', 'พี่แนน ( คลัง Fac )', 'ขิม (ส่งให้วันที่ 03/12/2025)') on conflict (doc_no) do nothing;
insert into rpr_handover_items (doc_no, item, quantity, unit, note) values ('D00008', 'ตู้ชมพู', 1.0, 'ตู้', 'ส่งไปให้ Comets FAC');
insert into rpr_handovers (doc_no, created_at, delivered_at, recipient_addr, recipient_addr_other, sender, recipient, authorized_person) values ('D00009', '2025-12-08 15:47:07'::timestamptz, '2025-11-27 16:26:34'::timestamptz, 'Fac', null, 'ขิม', 'พี่แนน', null) on conflict (doc_no) do nothing;
insert into rpr_handovers (doc_no, created_at, delivered_at, recipient_addr, recipient_addr_other, sender, recipient, authorized_person) values ('D00010', '2025-12-08 15:49:39'::timestamptz, '2025-11-29 22:55:11'::timestamptz, 'Fac', null, 'ขิม', 'พี่แนน', null) on conflict (doc_no) do nothing;
insert into rpr_handovers (doc_no, created_at, delivered_at, recipient_addr, recipient_addr_other, sender, recipient, authorized_person) values ('D00011', '2025-12-24 14:13:27'::timestamptz, '2025-12-24 14:13:31'::timestamptz, 'ICT', null, 'ขิม HQ', 'HR ICT', 'ขิม Admin HQ') on conflict (doc_no) do nothing;
insert into rpr_handovers (doc_no, created_at, delivered_at, recipient_addr, recipient_addr_other, sender, recipient, authorized_person) values ('D00012', '2026-01-16 08:37:08'::timestamptz, '2026-01-15 16:35:23'::timestamptz, 'Fac', null, 'ขิม Admin HQ', 'พี่แนน คลัง FAC', 'ขิม Admin HQ') on conflict (doc_no) do nothing;
insert into rpr_handovers (doc_no, created_at, delivered_at, recipient_addr, recipient_addr_other, sender, recipient, authorized_person) values ('D00013', '2026-01-17 17:32:47'::timestamptz, '2025-12-31 10:40:51'::timestamptz, 'Fac', null, 'คุณจุ๋ม', 'คุณอู๋', 'ขิม Admin HQ') on conflict (doc_no) do nothing;
insert into rpr_handovers (doc_no, created_at, delivered_at, recipient_addr, recipient_addr_other, sender, recipient, authorized_person) values ('D00014', '2026-01-17 17:37:44'::timestamptz, '2025-12-31 10:37:46'::timestamptz, 'Fac', null, 'คุณจุ๋ม', 'คุณอู๋', 'ขิม Admin HQ') on conflict (doc_no) do nothing;
insert into rpr_handovers (doc_no, created_at, delivered_at, recipient_addr, recipient_addr_other, sender, recipient, authorized_person) values ('D00015', '2026-01-17 17:38:50'::timestamptz, '2025-12-31 10:38:51'::timestamptz, 'Fac', null, 'คุณจุ๋ม', 'คุณอู๋', 'ขิม Admin HQ') on conflict (doc_no) do nothing;
insert into rpr_handovers (doc_no, created_at, delivered_at, recipient_addr, recipient_addr_other, sender, recipient, authorized_person) values ('D00016', '2026-01-17 17:40:00'::timestamptz, '2026-01-17 11:51:02'::timestamptz, 'ICT', null, 'คุณจุ๋ม', 'PCS และ RD (ICT)', 'ขิม Admin HQ') on conflict (doc_no) do nothing;
insert into rpr_handovers (doc_no, created_at, delivered_at, recipient_addr, recipient_addr_other, sender, recipient, authorized_person) values ('D00017', '2026-01-17 17:42:13'::timestamptz, '2026-01-17 11:51:15'::timestamptz, 'ICT', null, 'คุณจุ๋ม', 'คุณน้ำ RD (ICT)', 'ขิม Admin HQ') on conflict (doc_no) do nothing;
insert into rpr_handovers (doc_no, created_at, delivered_at, recipient_addr, recipient_addr_other, sender, recipient, authorized_person) values ('D00018', '2026-01-20 08:35:10'::timestamptz, '2026-01-20 08:35:13'::timestamptz, 'ICT', null, 'คุณจุ๋ม', 'PCM', 'ขิม Admin HQ') on conflict (doc_no) do nothing;
insert into rpr_handovers (doc_no, created_at, delivered_at, recipient_addr, recipient_addr_other, sender, recipient, authorized_person) values ('D00019', '2026-01-26 16:59:24'::timestamptz, '2026-01-24 16:20:27'::timestamptz, 'ICT', null, 'คูณจุ๋ม', 'ICT', 'ขิม Admin HQ') on conflict (doc_no) do nothing;
insert into rpr_handovers (doc_no, created_at, delivered_at, recipient_addr, recipient_addr_other, sender, recipient, authorized_person) values ('D00020', '2026-01-27 09:46:50'::timestamptz, '2026-01-27 09:46:54'::timestamptz, 'Fac', null, 'กิ๊ก HQ', 'กิ๊ก FAC', 'กิ๊ก HQ') on conflict (doc_no) do nothing;
insert into rpr_handovers (doc_no, created_at, delivered_at, recipient_addr, recipient_addr_other, sender, recipient, authorized_person) values ('D00021', '2026-01-30 10:07:11'::timestamptz, '2026-01-30 10:07:13'::timestamptz, 'Fac', null, 'ขิม Admin HQ', 'พี่แป้ง FAC', 'ขิม Admin HQ') on conflict (doc_no) do nothing;
insert into rpr_handovers (doc_no, created_at, delivered_at, recipient_addr, recipient_addr_other, sender, recipient, authorized_person) values ('D00022', '2026-02-02 16:41:31'::timestamptz, '2026-02-02 17:10:44'::timestamptz, 'ICT', null, 'คุณจุ๋ม', 'ช่างป้อม ICT', 'ขิม Admin HQ') on conflict (doc_no) do nothing;
insert into rpr_handovers (doc_no, created_at, delivered_at, recipient_addr, recipient_addr_other, sender, recipient, authorized_person) values ('D00023', '2026-03-04 08:36:42'::timestamptz, '2026-03-02 16:36:44'::timestamptz, 'ICT', null, 'คุณจุ๋ม', 'พี่ปลั๊ก HR', 'ขิม Admin HQ') on conflict (doc_no) do nothing;
insert into rpr_handovers (doc_no, created_at, delivered_at, recipient_addr, recipient_addr_other, sender, recipient, authorized_person) values ('D00024', '2026-04-07 08:35:21'::timestamptz, '2026-03-13 14:13:58'::timestamptz, 'ICT', null, 'คุณจุ๋ม', 'HR ICT', 'ขิม Admin HQ') on conflict (doc_no) do nothing;
insert into rpr_handovers (doc_no, created_at, delivered_at, recipient_addr, recipient_addr_other, sender, recipient, authorized_person) values ('D00025', '2026-04-07 09:20:41'::timestamptz, '2026-03-14 15:57:45'::timestamptz, 'ICT', null, 'คุณจุ๋ม', 'HR ICT', 'ขิม Admin HQ') on conflict (doc_no) do nothing;
insert into rpr_handovers (doc_no, created_at, delivered_at, recipient_addr, recipient_addr_other, sender, recipient, authorized_person) values ('D00026', '2026-04-07 09:24:28'::timestamptz, '2026-03-14 16:59:35'::timestamptz, 'ICT', null, 'พี่เบิร์ด', 'พี่วี IT', 'ขิม Admin HQ') on conflict (doc_no) do nothing;
insert into rpr_handovers (doc_no, created_at, delivered_at, recipient_addr, recipient_addr_other, sender, recipient, authorized_person) values ('D00027', '2026-04-07 09:39:40'::timestamptz, '2026-03-23 14:55:42'::timestamptz, 'ICT', null, 'คุณจุ๋ม', 'RD ICT', 'ขิม Admin HQ') on conflict (doc_no) do nothing;
insert into rpr_handovers (doc_no, created_at, delivered_at, recipient_addr, recipient_addr_other, sender, recipient, authorized_person) values ('D00028', '2026-04-07 09:41:17'::timestamptz, '2026-03-23 14:55:20'::timestamptz, 'ICT', null, 'คุณจุ๋ม', 'เบนซ์ (บัญชี ICT)', 'ขิม Admin HQ') on conflict (doc_no) do nothing;
insert into rpr_handovers (doc_no, created_at, delivered_at, recipient_addr, recipient_addr_other, sender, recipient, authorized_person) values ('D00029', '2026-04-07 09:44:25'::timestamptz, '2026-03-23 12:20:27'::timestamptz, 'ICT', null, 'คุณจุ๋ม', 'มาส (คลัง ICT)', 'ขิม Admin HQ') on conflict (doc_no) do nothing;
insert into rpr_handovers (doc_no, created_at, delivered_at, recipient_addr, recipient_addr_other, sender, recipient, authorized_person) values ('D00030', '2026-04-07 15:18:11'::timestamptz, '2026-04-04 10:17:15'::timestamptz, 'อื่นๆ', 'บ้านแสง', 'คุณจุ๋ม', 'พี่โอ๋ บ้านแสง', 'ขิม Admin HQ') on conflict (doc_no) do nothing;
insert into rpr_handovers (doc_no, created_at, delivered_at, recipient_addr, recipient_addr_other, sender, recipient, authorized_person) values ('D00031', '2026-04-07 15:33:22'::timestamptz, '2026-04-04 14:33:40'::timestamptz, 'ICT', null, 'คุณจุ๋ม', 'มาส คลังICT', 'ขิม Admin HQ') on conflict (doc_no) do nothing;
insert into rpr_handovers (doc_no, created_at, delivered_at, recipient_addr, recipient_addr_other, sender, recipient, authorized_person) values ('D00032', '2026-04-07 15:42:34'::timestamptz, '2026-04-07 15:42:54'::timestamptz, 'ICT', null, 'ขิม Admin HQ', 'พี่ปลั๊ก ICT', 'ขิม Admin HQ') on conflict (doc_no) do nothing;
insert into rpr_handovers (doc_no, created_at, delivered_at, recipient_addr, recipient_addr_other, sender, recipient, authorized_person) values ('D00033', '2026-04-07 15:51:51'::timestamptz, '2026-04-07 15:51:53'::timestamptz, 'ICT', null, 'คุณจุ๋ม', 'HR ICT', 'ขิม Admin HQ') on conflict (doc_no) do nothing;
insert into rpr_handovers (doc_no, created_at, delivered_at, recipient_addr, recipient_addr_other, sender, recipient, authorized_person) values ('D00034', '2026-04-29 09:22:58'::timestamptz, '2026-04-29 09:23:00'::timestamptz, 'อื่นๆ', 'บ้านแสง', 'คุณจุ๋ม', 'ช่างพงศ์', 'ขิม Admin HQ') on conflict (doc_no) do nothing;
insert into rpr_handovers (doc_no, created_at, delivered_at, recipient_addr, recipient_addr_other, sender, recipient, authorized_person) values ('D00035', '2026-04-29 13:31:18'::timestamptz, '2026-04-29 13:33:41'::timestamptz, 'ICT', null, 'คุณจุ๋ม', 'คุณมาย ENG', 'ขิม Admin HQ') on conflict (doc_no) do nothing;
insert into rpr_handovers (doc_no, created_at, delivered_at, recipient_addr, recipient_addr_other, sender, recipient, authorized_person) values ('D00036', '2026-04-29 14:11:36'::timestamptz, '2026-04-29 14:11:38'::timestamptz, 'ICT', null, 'คุณจุ๋ม', 'แป้ง ICT', 'ขิม Admin HQ') on conflict (doc_no) do nothing;
insert into rpr_handovers (doc_no, created_at, delivered_at, recipient_addr, recipient_addr_other, sender, recipient, authorized_person) values ('D00037', '2026-05-06 09:25:04'::timestamptz, '2026-05-06 09:25:14'::timestamptz, 'ICT', null, 'ขิม Admin HQ', 'พี่ปลั๊ก HR', 'ขิม Admin HQ') on conflict (doc_no) do nothing;

commit;

-- Counts:
--   rpr_equipment       : 16
--   rpr_stock_moves     : 107
--   rpr_handovers       : 44
--   rpr_handover_items  : 15